ProductName,ProductPrice,ProductDiscount,Brand,Gender
ARCH FIT-MODERN RHYTHM Walking Shoes For Women,7499,4499,Skechers,Women
GO WALK JOY-PARADISE Running Shoes For Women,5499,3299,Skechers,Women
GO WALK JOY -WONDERFUL SPRING Walking Shoes For Women,5999,2579,Skechers,Women
ARCH FIT UPLIFT - DEFINED Walking Shoes For Women,5999,2429,Skechers,Women
FLEX APPEAL 4.0-BRILLIANT VIE Walking Shoes For Women,5499,3299,Skechers,Women
VIRTUE - BE GREAT Sneakers For Women,5999,3098,Skechers,Women
ULTRA FLEX 3.0-GLOWING SKY Casuals For Women,6999,3976,Skechers,Women
Bobs Unity - Sleek Prism Sneakers For Women,6999,3253,Skechers,Women
D'Lux Comfort - Glow Time Slip On Sneakers For Women,6799,3161,Skechers,Women
GO RUN PULSE - OPERATE Sneakers For Women,5999,4648,Skechers,Women
RECORD - NEWBERRY Sneakers For Women,6499,3119,Skechers,Women
ROADIES SURGE - FEST Casuals For Women,7999,4669,Skechers,Women
GO WALK JOY - VIVACIOUS Running Shoes For Women,5499,2739,Skechers,Women
BOBS SQUAD WAVES - O Running Shoes For Women,6499,3899,Skechers,Women
MAX CUSHIONING ELITE Running Shoes For Women,8999,5399,Skechers,Women
Bobs Unity - Sleek Prism Casuals For Women,6999,3253,Skechers,Women
D'LUX FITNESS-ROAM F Running Shoes For Women,7499,4499,Skechers,Women
GLIDE-STEP SWIFT-FRE Running Shoes For Women,8999,5099,Skechers,Women
GO WALK SMART-SILVER Sneakers For Women,6999,3976,Skechers,Women
Skech-Air Element 2.0-Vivid Blush Sneakers For Women,7999,4545,Skechers,Women
GO WALK JOY -WONDERFUL SPRING Running Shoes For Women,5999,3399,Skechers,Women
GLIDE-STEP SPORT-LIV Running Shoes For Women,6999,4199,Skechers,Women
SKECH-AIR EXTREME 2. Sneakers For Women,7499,3486,Skechers,Women
GO WALK 5 - TRENDY Walking Shoes For Women,6999,4199,Skechers,Women
ARCH FIT-VIBRANT STEP Sneakers For Women,7999,4279,Skechers,Women
GLIDE-STEP SPORT-HIG Walking Shoes For Women,8499,4699,Skechers,Women
Bobs Squad Chaos - 2 Running Shoes For Women,6499,2799,Skechers,Women
Go Walk Stretch Fit Running Shoes For Women,7499,4499,Skechers,Women
ULTRA FLEX 3.0-GLOWING SKY Walking Shoes For Women,6999,3976,Skechers,Women
124856-LTPK Slip On Sneakers For Women,6499,4364,Skechers,Women
ARCH FIT REFINE - CLASSY DOLL Running Shoes For Women,7499,4499,Skechers,Women
GO RUN FAST - Walking Shoes For Women,5499,3209,Skechers,Women
GO WALK CLASSIC - HIGH WINDS Running Shoes For Women,5999,3369,Skechers,Women
GLIDE-STEP FLEX AIR Sneakers For Women,9999,5681,Skechers,Women
D'LUX FITNESS-BRIGHT Running Shoes For Women,7999,4049,Skechers,Women
Uno Trail - Brighter Hiker Sneakers For Women,8999,4979,Skechers,Women
DYNAMIGHT 2.0-ZEN SP Walking Shoes For Women,6499,3299,Skechers,Women
ARCH FIT CHIC - OBSE Walking Shoes For Women,7499,3739,Skechers,Women
ULTRA FLEX-FRESH STE Running Shoes For Women,6499,3899,Skechers,Women
Skech-Air Extreme 2.0 - High Momentum Sneakers For Wome...,7999,4545,Skechers,Women
D'Lux Fitness-Pure Glam Casuals For Women,7499,5810,Skechers,Women
D'Lux Walker-Infinite Motion Casuals For Women,6999,3499,Skechers,Women
Sierra - Windy Way Sneakers For Women,7999,4799,Skechers,Women
On-The-Go Flex - Cut Walking Shoes For Women,5999,3599,Skechers,Women
GO RUN FAST - Sneakers For Women,5999,3599,Skechers,Women
SKECH-AIR DYNAMIGHT Sneakers For Women,5999,3599,Skechers,Women
ARCH FIT-POWER STEP Walking Shoes For Women,8499,5039,Skechers,Women
GO WALK FLEX - VASAN Sneakers For Women,5999,4648,Skechers,Women
SKECH-AIR ELEMENT 2.0-VIVID B Walking Shoes For Women,7999,5599,Skechers,Women
BE-COOL - MOOD BOOST Walking Shoes For Women,6499,3899,Skechers,Women
ARCH FIT UPLIFT - ROMANTIC Sneakers For Women,6499,3899,Skechers,Women
ARCH FIT D'LUX Walking Shoes For Women,7999,4545,Skechers,Women
GO RUN ELEVATE Running Shoes For Women,6999,3969,Skechers,Women
Skech-Air Dynamight Walking Shoes For Women,5999,3519,Skechers,Women
D'Lux Walker-Rainbow Sneakers For Women,7499,4109,Skechers,Women
Ultra Groove - Pure Vision Running Shoes For Women,5999,3599,Skechers,Women
ULTRA FLEX - HARMONI Walking Shoes For Women,5999,3419,Skechers,Women
Bobs B Flex - Eureka Running Shoes For Women,6999,3799,Skechers,Women
124856-BKW Slip On Sneakers For Women,6499,4364,Skechers,Women
BEACH BINGO - DAPPER PARTY Canvas Shoes For Women,3299,1979,Skechers,Women
D'Lites - Fresh Air Walking Shoes For Women,7999,4545,Skechers,Women
Skech-Air Dynamight Running Shoes For Women,6499,3899,Skechers,Women
GO WALK FLEX - CLEVE Walking Shoes For Women,5999,4028,Skechers,Women
GO WALK CLASSIC - HI Walking Shoes For Women,5999,3469,Skechers,Women
New Moon - Callisto Sneakers For Women,3999,2892,Skechers,Women
ARCH FIT-MODERN RHYT Casuals For Women,7499,4499,Skechers,Women
GO WALK JOY - VIVACI Running Shoes For Women,5499,2969,Skechers,Women
MODERN JOGGER - BETTY Walking Shoes For Women,6499,3259,Skechers,Women
ARCH FIT D'LUX-JOURNEY Sneakers For Women,7499,5810,Skechers,Women
GO WALK JOY - ECSTATIC Walking Shoes For Women,7499,4499,Skechers,Women
GO WALK STRETCH FIT-SPECIAL D Walking Shoes For Women,5999,4499,Skechers,Women
ULTRA GROOVE Sneakers For Women,6499,4199,Skechers,Women
ARCH FIT UPLIFT - ROMANTIC Sneakers For Women,8999,3899,Skechers,Women
SKECH-AIR ELEMENT 2. Casuals For Women,6999,4879,Skechers,Women
PALMILLA - LANE Running Shoes For Women,4999,2869,Skechers,Women
Go Walk Joy -Soothe Walking Shoes For Women,7999,2999,Skechers,Women
ARCH FIT D'LUX Walking Shoes For Women,6999,4545,Skechers,Women
GO RUN ELEVATE Running Shoes For Women,5999,3969,Skechers,Women
Skech-Air Dynamight Walking Shoes For Women,3519,3519,Skechers,Women
SEPULVEDA BLVD - HID Sneakers For Women,6499,3379,Skechers,Women
GO WALK ARCH FIT - GRATEFUL Walking Shoes For Women,5799,3894,Skechers,Women
SKECH-AIR ELEMENT 2. Running Shoes For Women,8999,4999,Skechers,Women
SUMMITS Walking Shoes For Women,3299,3289,Skechers,Women
Go Walk 4-Array Walking Shoes For Women,6499,3899,Skechers,Women
D'LITES 4.0-PERFECT FLOW Casuals For Women,7999,4545,Skechers,Women
GO WALK ARCH FIT - PEACHY Walking Shoes For Women,6999,4699,Skechers,Women
D'LUX COMFORT-GLOW TIME Walking Shoes For Women,6799,4565,Skechers,Women
EMPIRE D'LUX - SHARP Casuals For Women,5999,3079,Skechers,Women
Walking Shoes For Women,6499,4364,Skechers,Women
DYNAMIGHT 2 Walking Shoes For Women,5999,4648,Skechers,Women
Billion 2-Side Lin Running Shoes For Women,7999,3929,Skechers,Women
GO WALK 5 Walking Shoes For Women,6999,6499,Skechers,Women
UNO - EVERYWEAR Casuals For Women,3999,4699,Skechers,Women
Beach Bingo - Woof Pack Sneakers For Women,7499,1849,Skechers,Women
D'Lux Walker-Rainbow Sneakers For Women,5999,4109,Skechers,Women
Ultra Groove - Pure Vision Running Shoes For Women,7999,3599,Skechers,Women
ARCH FIT D'LUX Walking Shoes For Women,4799,4545,Skechers,Women
Bobs Skipper - Pawty Walking Shoes For Women,6999,2879,Skechers,Women
UNO - NIGHT SHADES Sneakers For Women,5499,4019,Skechers,Women
GO WALK JOY- GRATIFY Walking Shoes For Women,3799,3299,Skechers,Women
Beach Bingo - Kitty Canvas Shoes For Women,6999,2259,Skechers,Women
GO WALK 6 - CARICE Sneakers For Women,3976,3976,Skechers,Women
GO WALK SMART 2-SUNS Running Shoes For Women,6999,4199,Skechers,Women
Luminate - She's Mag Walking Shoes For Women,5999,3599,Skechers,Women
FLEX APPEAL 3.0-SHE'S ICONIC Running Shoes For Women,6999,3279,Skechers,Women
Flex Appeal 4.0-Wild Running Shoes For Women,6999,4199,Skechers,Women
Dynamight 2.0-Soft E Running Shoes For Women,5499,3299,Skechers,Women
Flex Appeal 4.0-Vivi Running Shoes For Women,6499,3129,Skechers,Women
GO WALK SMART - NOBLE IDEA Walking Shoes For Women,6499,3519,Skechers,Women
ARCH FIT VISTA-IN SPRIRATION Walking Shoes For Women,7499,4499,Skechers,Women
Arch Fit Beach Kiss - Boho Beyond Casuals For Women,6499,5035,Skechers,Women
GO RUN GLIDE-STEP FLEX - SKYL Running Shoes For Women,7999,3199,Skechers,Women
ON-THE-GO IDEAL - AF Running Shoes For Women,7499,3889,Skechers,Women
GLIDE-STEP SPORT-FRE Casuals For Women,7499,4269,Skechers,Women
UNO 2 - GOLDEN TRIM Running Shoes For Women,7499,6584,Skechers,Women
SPLIT - EMERY Sneakers For Women,9999,5999,Skechers,Women
SKECH-LITE PRO-HIGH Running Shoes For Women,5799,3369,Skechers,Women
MAX CUSHIONING ELITE-SMOOTH TRANSITION Running Shoes Fo...,5999,9499,Skechers,Women
ULTRA FLEX - HARMONI Walking Shoes For Women,3999,3419,Skechers,Women
SUMMITS Sneakers For Women,5999,3159,Skechers,Women
GO RUN ELEVATE - ENH Running Shoes For Women,5799,3409,Skechers,Women
SKECH-LITE PRO - LIG Walking Shoes For Women,2999,3179,Skechers,Women
FOOTSTEPS - TRANSCEND Clogs For Women,999,999,Skechers,Women
SUMMITS Sneakers For Women,3999,3159,Skechers,Women
CUSHIONING PREMIER-FAST A Running Shoes For Women,8999,5399,Skechers,Women
GO RUN ELEVATE-PLEASANT DAYS Running Shoes For Women,5499,3692,Skechers,Women
Go Run Pulse-Get Mov Running Shoes For Women,7499,4199,Skechers,Women
Arch Fit-Comfy Wave Running Shoes For Women,6999,4699,Skechers,Women
CLEO - CRAVE Casuals For Women,4499,2309,Skechers,Women
GLIDE-STEP SPORT-NEW Running Shoes For Women,7499,4499,Skechers,Women
Skechers BOBS SQUAD CHAOS-FACE OFF Casual Sneakers for ...,7499,4999,Skechers,Women
UNO 2 - PASTEL PLAYERS Sneakers For Women,6999,5035,Skechers,Women
A-LINE - POINTE Walking Shoes For Women,6999,4699,Skechers,Women
Uno - Aluminiferous Sneakers For Women,5999,4069,Skechers,Women
DYNAMIGHT 2.0 Walking Shoes For Women,6999,4648,Skechers,Women
UNO - STAND ON AIR Walking Shoes For Women,5499,4699,Skechers,Women
GO WALK JOY - VIVACI Running Shoes For Women,8999,3119,Skechers,Women
GLIDE-STEP SWIFT-FRE Running Shoes For Women,6499,4929,Skechers,Women
Solei St.-Groovilicious Casuals For Women,6999,3899,Skechers,Women
ARCH FIT UPLIFT - MILESTONE Running Shoes For Women,7499,3989,Skechers,Women
GO WALK EVOLUTION UL Running Shoes For Women,5999,4109,Skechers,Women
GO WALK TRAVEL - RAD Running Shoes For Women,6999,3149,Skechers,Women
GO RUN PULSE - VALID Casuals For Women,5499,4199,Skechers,Women
Go Walk Joy-Invite Running Shoes For Women,7999,2869,Skechers,Women
Go Run Pulse - Ultimate Best Running Shoes For Women,6499,4799,Skechers,Women
GO WALK FLEX - LILLY Walking Shoes For Women,5499,3619,Skechers,Women
Dynamight 2.0-Power Walking Shoes For Women,7999,3299,Skechers,Women
GO WALK 6 - BOLD VIS Walking Shoes For Women,6999,6197,Skechers,Women
FLEX APPEAL 4.0-WILD Casuals For Women,5499,3769,Skechers,Women
Dynamight 2.0-Power Walking Shoes For Women,5999,3299,Skechers,Women
VIRTUE - BE GREAT Running Shoes For Women,5499,3259,Skechers,Women
SKECH-AIR DYNAMIGHT Running Shoes For Women,7499,3489,Skechers,Women
D'Lux Fitness-Pure Glam Lace Up Sneakers For Women,5499,5810,Skechers,Women
FLEX APPEAL 4.0 Walking Shoes For Women,8999,2919,Skechers,Women
NEO BLOCK - FAYE Sneakers For Women,5999,3599,Skechers,Women
SKECH-LITE PRO-PERFECT TIME Sneakers For Women,7499,2789,Skechers,Women
GO WALK ARCH FIT - I Walking Shoes For Women,4499,4499,Skechers,Women
UNO - EVERYWEAR Casuals For Women,6999,3949,Skechers,Women
BEACH BINGO - PUDDLE PALS Sneakers For Women,3799,1879,Skechers,Women
GO WALK JOY-INVITE Walking Shoes For Women,5499,3129,Skechers,Women
Sneakers For Women,3999,2892,Skechers,Women
MIRA Sneakers For Women,6999,4109,Skechers,Women
ULTRA FLEX 3.0-LOOKS Slip On Sneakers For Women,6499,5035,Skechers,Women
STREET TRAX-HEART STRINGS Sneakers For Women,3999,2049,Skechers,Women
BEACH BINGO - ROVERS Casuals For Women,4499,2619,Skechers,Women
Arch Fit Uplift-Anch Running Shoes For Women,6999,3809,Skechers,Women
Go Walk Stretch Fit Walking Shoes For Women,7499,4369,Skechers,Women
ULTRA GROOVE-GLAMOUR Running Shoes For Women,6999,4039,Skechers,Women
D'LUX COMFORT - BONU Slip On Sneakers For Women,5999,4648,Skechers,Women
Microburst 2.0 - Irresistible Walking Shoes For Women,5499,3692,Skechers,Women
BEACH BINGO - KITTY CRUISER Casuals For Women,3799,2279,Skechers,Women
GO WALK FLEX - EARLY Walking Shoes For Women,6999,4189,Skechers,Women
ULTRA FLEX 2.0-PRETT Running Shoes For Women,6499,3439,Skechers,Women
Sunny Street-Sunshine Sneakers For Women,5999,3599,Skechers,Women
Flex Appeal 4.0-Walk Wonderful Walking Shoes For Women,5999,3129,Skechers,Women
GO RUN FAST - SPECIES Running Shoes For Women,5999,3599,Skechers,Women
ON-THE-GO FLEX - GEM Walking Shoes For Women,5999,3599,Skechers,Women
GO WALK JOY-DARING Walking Shoes For Women,5999,3409,Skechers,Women
GO WALK EVOLUTION ULTRA-ENDLE Walking Shoes For Women,6999,5422,Skechers,Women
BE-COOL - WONDERSTRUCK Walking Shoes For Women,5499,4260,Skechers,Women
ARCH FIT BEACH KISS-BOHOBEYOND Casuals For Women,6499,5035,Skechers,Women
D'Lux Walker-Outshining Walking Shoes For Women,5799,3894,Skechers,Women
BILLION - MILIARDI Casuals For Women,6999,4199,Skechers,Women
GO WALK JOY -WONDERF Walking Shoes For Women,5999,3599,Skechers,Women
ARCH FIT D'LUX-JOURN Sneakers For Women,7499,5810,Skechers,Women
GO WALK ARCH FIT - C Running Shoes For Women,8999,5099,Skechers,Women
BOBS SQUAD CHAOS - 2 Running Shoes For Women,6499,3439,Skechers,Women
ARCH FIT UPLIFT-CUTT Running Shoes For Women,6999,4199,Skechers,Women
ULTRA FLEX PRIME-STE Casuals For Women,7999,4319,Skechers,Women
GO WALK TRAVEL - RAD Running Shoes For Women,5999,3379,Skechers,Women
ARCH FIT COMFY-PARADISE FOUND Sneakers For Women,7499,4499,Skechers,Women
ULTRA FLEX-SOFT CLAS Running Shoes For Women,5999,3599,Skechers,Women
Running Shoes For Women,7499,4009,Skechers,Women
GO RUN FAST-HAPPY DAZE Running Shoes For Women,5499,3299,Skechers,Women
SKECH-AIR DYNAMIGHT Sneakers For Women,6499,3899,Skechers,Women
GO WALK JOY -WONDERF Running Shoes For Women,5999,3529,Skechers,Women
SKECH-AIR DYNAMIGHT- Running Shoes For Women,5999,3489,Skechers,Women
GO WALK SMART - SCHOLAR Walking Shoes For Women,7999,4799,Skechers,Women
ULTRA FLEX-SOFT CLASSIC Sneakers For Women,5999,3259,Skechers,Women
BEACH BINGO - CATTERFLY Sneakers For Women,3999,1599,Skechers,Women
GO WALK ARCH FIT - U Walking Shoes For Women,8999,4839,Skechers,Women
UNO - EVERYWEAR Party Wear For Women,6999,4199,Skechers,Women
Skech-Lite Pro - Perfect Time Sneakers For Women,5999,3408,Skechers,Women
D'LUX WALKER-COOL GR Walking Shoes For Women,5999,3599,Skechers,Women
Flex Appeal 4.0 - Brilliant View Sneakers For Women,5499,3299,Skechers,Women
UNO - STAND ON AIR Running Shoes For Women,6999,4699,Skechers,Women
FLEX APPEAL 4.0-WILD BALLAD Sneakers For Women,5999,3408,Skechers,Women
Glide-Step Sport-New Running Shoes For Women,7999,4799,Skechers,Women
UNO - CROSS-KNIT Casuals For Women,7499,4399,Skechers,Women
GO WALK 5 - WILD Running Shoes For Women,6999,3719,Skechers,Women
FLEX APPEAL 4.0 Walking Shoes For Women,5499,3179,Skechers,Women
ARCH FIT-INFINITY CO Casuals For Women,7999,4449,Skechers,Women
GO WALK SMART -KEEN Walking Shoes For Women,7499,4499,Skechers,Women
Go Run Fast Walking Shoes For Women,5999,3599,Skechers,Women
D'LUX WALKER-FRESH FINESSE Sneakers For Women,6999,5422,Skechers,Women
THE STELLAR - WINNIE Sneakers For Women,7499,2999,Skechers,Women
Arch Fit Uplift - Lovely Casuals For Women,5999,4648,Skechers,Women
Skech-Air Dynamight Running Shoes For Women,5999,3379,Skechers,Women
ARCH FIT REFINE - DON'T GO Casuals For Women,4999,5999,Skechers,Women
GO WALK JOY - Walking Shoes For Women,8999,3357,Skechers,Women
GO WALK ARCH FIT - C Walking Shoes For Women,7999,5059,Skechers,Women
SPLIT - OVERPASS Slip On Sneakers For Women,6999,3249,Skechers,Women
Running Shoes For Women,6999,4199,Skechers,Women
"Skechers VAPOR FOAM Casual Sneakers for Womens, Rose- 1...",6999,5999,Skechers,Women
Bobs B Flex - Color Running Shoes For Women,3799,4199,Skechers,Women
GO WALK FLEX - EARLY Walking Shoes For Women,5799,4199,Skechers,Women
GO Run 400 Running Shoes For Women,5999,3789,Skechers,Women
SKECH-LITE PRO-FLOUR Sneakers For Women,6999,4493,Skechers,Women
D'LUX WALKER-COOL GR Casuals For Women,6499,3479,Skechers,Women
PURE Running Shoes For Women,6999,4899,Skechers,Women
GO RUN FAST - SUNSET BEAUTY Running Shoes For Women,6999,5035,Skechers,Women
SKECH-AIR EDGE - FIVE STAR Running Shoes For Women,9999,4199,Skechers,Women
ULTRA GROOVE-GLAMOUR Casuals For Women,7499,4199,Skechers,Women
GO RUN SWIRL TECH SPEED Running Shoes For Women,3999,6714,Skechers,Women
ARCH FIT-MODERN RHYTHM Walking Shoes For Women,6999,3999,Skechers,Women
SUMMITS Walking Shoes For Women,5499,3989,Skechers,Women
D'LUX FITNESS-MODEST Walking Shoes For Women,4499,5422,Skechers,Women
VIRTUE Walking Shoes For Women,6499,3039,Skechers,Women
BEACH BINGO - DOG HOUSE PARTY Running Shoes For Women,5999,2699,Skechers,Women
GO WALK SMART 2 Sneakers For Women,5799,5035,Skechers,Women
GO WALK 5-HONOR Walking Shoes For Women,6999,4028,Skechers,Women
GLIDE-STEP SPORT-NEXT LEVEL Running Shoes For Women,8999,3894,Skechers,Women
ULTRA FLEX 3.0-NEW H Running Shoes For Women,6999,3639,Skechers,Women
D'LITES 4.0-TRUE GLO Sneakers For Women,6499,5139,Skechers,Women
MIRA Sneakers For Women,5999,4199,Skechers,Women
Sepulveda Blvd - Prowled Slip On Sneakers For Women,2829,2829,Skechers,Women
ULTRA FLEX - STATEME Sneakers For Women,4028,4028,Skechers,Women
ARCH FIT UPLIFT-CUTT Casuals For Women,6999,3729,Skechers,Women
GO WALK SMART - ORAC Walking Shoes For Women,7499,4229,Skechers,Women
Summer Skipper - Optical Chill Casuals For Women,5499,4260,Skechers,Women
MAX CUSHIONING ARCH FIT - SWI Running Shoes For Women,9999,6999,Skechers,Women
MAX CUSHIONING ARCH FIT - VELOCITY Sneakers For Women,9999,7230,Skechers,Women
SKECH-AIR DYNAMIGHT-PARADISE Running Shoes For Women,5999,3519,Skechers,Women
Sepulveda Blvd - Envelop Slip On Sneakers For Women,5999,2609,Skechers,Women
BEACH BINGO - ROVERS Sneakers For Women,4499,2699,Skechers,Women
0N-THE-GO IDEAL - DA Sneakers For Women,6499,3529,Skechers,Women
GO WALK JOY-PARADISE Casuals For Women,5499,3299,Skechers,Women
GO WALK SMART 2 - UM Slip On Sneakers For Women,6499,5035,Skechers,Women
GO WARK ARCH FIT - H Walking Shoes For Women,8499,6585,Skechers,Women
ULTRA FLEX - RAPID ATTENTION Walking Shoes For Women,5999,4028,Skechers,Women
Ultra Flex 2.0 Walking Shoes For Women,5499,3692,Skechers,Women
GO WALK CLASSIC - HI Running Shoes For Women,5999,3599,Skechers,Women
ARCH FIT REFINE - DON'T GO Walking Shoes For Women,5999,3599,Skechers,Women
0N-THE-GO IDEAL - DA Walking Shoes For Women,6499,3499,Skechers,Women
BOBS SPARROW 2.0 - W Sneakers For Women,5999,3599,Skechers,Women
D'LITES-DAZZLING CAN Casuals For Women,7999,4789,Skechers,Women
BOBS SKIPPER - WOOF Canvas Shoes For Women,4799,2879,Skechers,Women
Walking Shoes For Women,5999,3309,Skechers,Women
Go Walk 6 - Glimmering Walking Shoes For Women,8499,5999,Skechers,Women
Skech-Air Extreme 2.0 New Remix Sneakers For Women,6999,4249,Skechers,Women
GLIDE-STEP SPORT-LIV Sneakers For Women,5999,4199,Skechers,Women
GO RUN ELEVATE - DOUBLE TIME Running Shoes For Women,4999,5999,Skechers,Women
GO RUN FAST-INVIGORATE Running Shoes For Women,6999,3599,Skechers,Women
SUMMITS-DAILY FLOURISH Walking Shoes For Women,5799,3357,Skechers,Women
GO RUN MOJO 2.0-TINKER Running Shoes For Women,7999,4199,Skechers,Women
ULTRA FLEX 2.0 Running Shoes For Women,4499,3479,Skechers,Women
D'LITES-DAZZLING CAN Casuals For Women,6999,4529,Skechers,Women
BEACH BINGO - PAWSITIVITY Sneakers For Women,7499,2559,Skechers,Women
SKECH-AIR EDGE - FIVE STAR Walking Shoes For Women,6999,4699,Skechers,Women
D'LITES-WHIMSICAL DREAM Casuals For Women,8499,4261,Skechers,Women
Uno - Stand On Air Sneakers For Women,5422,5422,Skechers,Women
D'Lites-Fresh Air Sneakers For Women,6585,6585,Skechers,Women
GO Run 400 Running Shoes For Women,3799,3789,Skechers,Women
D'LITES ARCH FIT-BET Sneakers For Women,7999,4619,Skechers,Women
GO WALK JOY- GRATIFY Running Shoes For Women,5499,4260,Skechers,Women
GO WALK 6 - BOLD VISION Slip On Sneakers For Women,7999,6197,Skechers,Women
GO WALK TRAVEL - RAD Walking Shoes For Women,5999,3239,Skechers,Women
GO RUN CONSISTENT - Running Shoes For Women,6999,3739,Skechers,Women
ULTRA FLEX - STATEMENTS Running Shoes For Women,5999,5199,Skechers,Women
SUMMITS - GLOWING GLITZ Slip On Sneakers For Women,3799,2747,Skechers,Women
ARCH FIT-DREAMY DAY Sneakers For Women,8999,6972,Skechers,Women
GO RUN PERSISTENCE Running Shoes For Women,9999,4759,Skechers,Women
GO WALK 6 - ICONIC HEARTS Walking Shoes For Women,6499,3899,Skechers,Women
ARCH FIT VISTA-ENTRANCED Sneakers For Women,7499,4499,Skechers,Women
BEACH BINGO - ROVERS RALLY Sneakers For Women,4499,2449,Skechers,Women
GLIDE-STEP SPORT Canvas Shoes For Women,8499,5707,Skechers,Women
GO WALK SMART 2 Slip On Sneakers For Women,6499,5035,Skechers,Women
SPLIT - OVERPASS Slip On Sneakers For Women,7999,3219,Skechers,Women
Go Run 400-Optimal Casuals For Women,5999,4799,Skechers,Women
SKECH-LITE PRO-PERFE Running Shoes For Women,8499,3589,Skechers,Women
ARCH FIT-POWER STEP Running Shoes For Women,7499,5079,Skechers,Women
FLEX COMFORT - GRIND Sneakers For Women,4999,5810,Skechers,Women
Ultra Flex 2.0-Delightful Spo Running Shoes For Women,10999,3357,Skechers,Women
GO WALK MASSAGE FIT - UPSURGE Walking Shoes For Women,7499,7953,Skechers,Women
GO WALK ARCH FIT - IMAGINED Sneakers For Women,7499,4499,Skechers,Women
GO WALK EVOLUTION ULTRA Walking Shoes For Women,3999,5810,Skechers,Women
DYNAMIGHT Walking Shoes For Women,6499,3989,Skechers,Women
GO WALK 4 - SUPER SOCK 4 Walking Shoes For Women,5999,3899,Skechers,Women
D'LUX WALKER-COOL GR Casuals For Women,8499,3599,Skechers,Women
GO WALK ARCH FIT - OUR EARTH Walking Shoes For Women,3299,5949,Skechers,Women
GRACEFUL-GET CONNECTED Walking Shoes For Women,5499,3289,Skechers,Women
GO WALK 5 - EXQUISITE Walking Shoes For Women,7499,3692,Skechers,Women
ARCH FIT-COOL OASIS Sneakers For Women,8999,4261,Skechers,Women
GO WALK ARCH FIT - D Walking Shoes For Women,6999,6972,Skechers,Women
GO WALK SMART 2 - CHERLIN Walking Shoes For Women,5999,5422,Skechers,Women
Casuals For Women,5499,3249,Skechers,Women
GO WALK JOY Walking Shoes For Women,6499,3692,Skechers,Women
C-LITES - DAILY Sneakers For Women,3899,3899,Skechers,Women
Running Shoes For Women,2999,1799,Skechers,Women
Luminate - She'S Magnificent Walking Shoes For Women,5499,3299,Skechers,Women
C-LITES - DAILY Sneakers For Women,6499,3899,Skechers,Women
JUNO - HOTNESS Casuals For Women,7999,4209,Skechers,Women
BOBS BEYOND - LEGEND Canvas Shoes For Women,4999,2889,Skechers,Women
GO RUN FAST - Running Shoes For Women,5999,4648,Skechers,Women
GO RUN PURE 3 Running Shoes For Women,7999,6197,Skechers,Women
C-Lites - Daily Sneakers For Women,6499,3419,Skechers,Women
GO WALK EVOLUTION ULTRA-LEGAC Walking Shoes For Women,5999,4648,Skechers,Women
SKECH-LITE PRO Sneakers For Women,5499,4260,Skechers,Women
MAX CUSHIONING HYPER BURST Running Shoes For Women,9999,7230,Skechers,Women
THE STELLAR - JODI Sneakers For Women,7999,3699,Skechers,Women
BLOCK - TRINITY Sneakers For Women,6999,3459,Skechers,Women
D'LITES-WHIMSICAL DREAM Casuals For Women,7499,5810,Skechers,Women
BEACH BINGO - PUPS RULE Sneakers For Women,4499,2589,Skechers,Women
GLIDE-STEP FLEX Walking Shoes For Women,7499,5810,Skechers,Women
GO WALK FLEX - OCEAN WIND Walking Shoes For Women,5499,4260,Skechers,Women
UNO 2 - GOLDEN TRIM Sneakers For Women,8499,3951,Skechers,Women
VIPER Training & Gym Shoes For Women,5999,3599,Skechers,Women
GO WALK 6 - ADORA Walking Shoes For Women,5999,4648,Skechers,Women
"Skechers UNO - 2 MUCH FUN Casual Party Wear for Womens,...",7499,5035,Skechers,Women
BOBS B CUTE - POLKA Canvas Shoes For Women,4499,2699,Skechers,Women
ULTRA FLEX - HARMONIOUS Walking Shoes For Women,5999,3599,Skechers,Women
MIRA-RETRO ROW Sneakers For Women,8499,5707,Skechers,Women
SKECH-AIR DYNAMIGHT-PERFECT STEPS Sneakers For Women,5499,3299,Skechers,Women
D'LUX WALKER-INFINITE MOTION Casuals For Women,6999,5784,Skechers,Women
D'LITES 4.0-TRUE GLO Sneakers For Women,8999,5309,Skechers,Women
UNO - STAND ON AIR Sneakers For Women,6999,4199,Skechers,Women
Go Walk Arch Fit - Hazel Slip On Sneakers For Women,8499,6585,Skechers,Women
Ultra Flex 2.0 Sneakers For Women,5799,3894,Skechers,Women
"Skechers VAPOR FOAM Casual Sneakers for Womens, Natural...",6499,5035,Skechers,Women
UPBEATS - RHYTHM Casuals For Women,7999,5371,Skechers,Women
GO RUN MOJO 2.0-ESCAPE Running Shoes For Women,5999,4028,Skechers,Women
GO WALK WORKOUT WALKER -OUTPACE Walking Shoes For Women,11999,8676,Skechers,Women
GO WALK ARCH FIT - DYNAMIC VI Walking Shoes For Women,6999,4899,Skechers,Women
GO RUN CONSISTENT-BRIGHT LOGICS Running Shoes For Women,6999,4699,Skechers,Women
BOBS PLUSH - BONE & COLLAR Casuals For Women,3999,2399,Skechers,Women
ULTRA FLEX 3.0-CLASSY CHARM Slip On Sneakers For Women,5999,4648,Skechers,Women
GO WALK FLEX Walking Shoes For Women,5499,3849,Skechers,Women
UTOPIA - BOW WOW Sneakers For Women,4499,2699,Skechers,Women
ARCH FIT VISTA-IN SPRIRATION Walking Shoes For Women,3999,6499,Skechers,Women
DYNAMIGHT Walking Shoes For Women,5999,3989,Skechers,Women
GO WALK JOY-DARING Running Shoes For Women,8499,3599,Skechers,Women
"Skechers GLIDE-STEP SWIFT Casual Sneakers for Womens,Ne...",5499,6585,Skechers,Women
Go Walk 6 - Glimmering Walking Shoes For Women,4999,5999,Skechers,Women
GO RUN ELEVATE Walking Shoes For Women,5499,4260,Skechers,Women
GO RUN FAST - GLIMMER Casuals For Women,6999,3357,Skechers,Women
GO WALK FLEX - OCEAN Walking Shoes For Women,6499,3849,Skechers,Women
GO WALK 6 Walking Shoes For Women,6999,3692,Skechers,Women
VIRTUE Casuals For Women,6999,3299,Skechers,Women
D'LUX WALKER Slip On Sneakers For Women,4299,5422,Skechers,Women
D'LUX FITNESS-MODEST Walking Shoes For Women,5999,5422,Skechers,Women
Walking Shoes For Women,10999,4289,Skechers,Women
ULTRA FLEX - WILD PURSUE Sneakers For Women,6999,2929,Skechers,Women
GO WALK MASSAGE FIT - UPSURGE Walking Shoes For Women,5999,7953,Skechers,Women
GO WALK STABILITY-COCO JAZZ Walking Shoes For Women,6999,5422,Skechers,Women
Ultra Groove - Pure Vision Walking Shoes For Women,6499,4028,Skechers,Women
UNO - STAND ON AIR Casuals For Women,7499,5422,Skechers,Women
GO FLEX MAX- STRENGTH Training & Gym Shoes For Women,5999,3899,Skechers,Women
GO WALK HYPER BURST-EXTREME O Walking Shoes For Women,7499,5810,Skechers,Women
SKECH-AIR DYNAMIGHT-BIG STEP Walking Shoes For Women,7499,5989,Skechers,Women
ARCH FIT D'LUX-COZY PATH Sneakers For Women,6499,5035,Skechers,Women
GO WALK 6 - GRAND HO Walking Shoes For Women,4299,5810,Skechers,Women
GO WALK SMART 2 - CARI Walking Shoes For Women,5999,5035,Skechers,Women
Skech-Air Dynamight-Top Prize Walking Shoes For Women,7499,4289,Skechers,Women
ULTRA FLEX 3.0-CLASSY CHARM Slip On Sneakers For Women,7999,4028,Skechers,Women
ARCH FIT GLIDE-STEP Walking Shoes For Women,5999,4499,Skechers,Women
ARCH FIT GLIDE-STEP-HIGHLIGHT For Women,6499,5371,Skechers,Women
GO WALK 6 - ADORA Walking Shoes For Women,6999,4648,Skechers,Women
GO RUN PULSE - ROADIE Running Shoes For Women,6499,5035,Skechers,Women
SKECH-AIR ELEMENT 2.0-DANCE T Walking Shoes For Women,7999,4199,Skechers,Women
FLEX APPEAL 3.0-GO FORWARD Sneakers For Women,4999,3899,Skechers,Women
D'LITES-LUSCIOUS CHI Sneakers For Women,4639,4639,Skechers,Women
Walking Shoes For Women,4959,4959,Skechers,Women
GO RUN FAST - LIVELY Running Shoes For Women,5499,3299,Skechers,Women
GO WALK SMART 2 - CHERLIN Walking Shoes For Women,6999,5422,Skechers,Women
SKECH-LITE PRO-HIGH JOURNEY Sneakers For Women,5799,4493,Skechers,Women
BOBS B CUTE - BOHO T Canvas Shoes For Women,4499,2699,Skechers,Women
GO RUN FAST - Running Shoes For Women,5499,3299,Skechers,Women
GO WALK 6 - DARCY Walking Shoes For Women,6499,4364,Skechers,Women
GO WALK EVOLUTION ULTRA-GLADD Walking Shoes For Women,5999,4648,Skechers,Women
Slip On Sneakers For Women,6799,4565,Skechers,Women
Max Cushioning Elite - Destination Point Walking Shoes ...,7499,5249,Skechers,Women
GO WALK 7 - SPRINGTIME Walking Shoes For Women,9999,7999,Skechers,Women
GO RUN POWER - FLEETZ Running Shoes For Women,4999,7230,Skechers,Women
GO WALK JOY-TERRIFIC Walking Shoes For Women,5799,3873,Skechers,Women
BOBS BAMINA-ZIGZAGGER Sneakers For Women,5999,3894,Skechers,Women
GO WALK FLEX - VASAN Walking Shoes For Women,8999,4199,Skechers,Women
DIAMOND AIR - LIBBY Casuals For Women,4999,6042,Skechers,Women
Bobs Squad Chaos Renegade Par Walking Shoes For Women,6499,3357,Skechers,Women
ULTRA FLEX 3.0-SUNNY BUSINESS Casuals For Women,5299,3899,Skechers,Women
GO RUN FAST - GLIMMER Running Shoes For Women,5799,3357,Skechers,Women
GO RUN 7.0 - ESCAPE Running Shoes For Women,6499,7999,Skechers,Women
ULTRA FLEX 2.0 Running Shoes For Women,6499,3479,Skechers,Women
GO RUN PULSE - ROADIE Running Shoes For Women,6999,5035,Skechers,Women
Vapor Foam - Fresh Trend For Women,7499,5035,Skechers,Women
MIRA-BIG PRAISE Walking Shoes For Women,8999,4699,Skechers,Women
ARCH FIT - NEW BEAUT Slip On Sneakers For Women,5499,5810,Skechers,Women
MAX CUSHIONING ELITE-GALAXY B Running Shoes For Women,5499,6042,Skechers,Women
ESLA - EVERY MOVE Walking Shoes For Women,4999,3692,Skechers,Women
ULTRA FLEX-WILD CHARM Walking Shoes For Women,5499,3692,Skechers,Women
GO RUN FAST - LASER Running Shoes For Women,9999,4989,Skechers,Women
LUMINATE - SHE'S MAGNIFICENT Walking Shoes For Women,5499,3692,Skechers,Women
GO RUN PERSISTENCE Running Shoes For Women,7499,9999,Skechers,Women
GLIDE-STEP FLEX AIR Running Shoes For Women,5499,4999,Skechers,Women
ELSA Walking Shoes For Women,7999,3692,Skechers,Women
GO WALK ARCH FIT - DELORA Walking Shoes For Women,4499,5035,Skechers,Women
CITY PRO - GLOW ON Running Shoes For Women,3692,3692,Skechers,Women
UNO TRAIL - COOL TREK Party Wear For Women,5371,5371,Skechers,Women
Poppy - Plane As Day Slip On Sneakers For Women,2699,2699,Skechers,Women
City Pro - Easy Moving Walking Shoes For Women,5999,3599,Skechers,Women
MIRA-BIG PRAISE Walking Shoes For Women,6999,4699,Skechers,Women
D'Lux Walker - Refreshing Mood Sneakers For Women,6499,4364,Skechers,Women
GO WALK SMART - WISE Walking Shoes For Women,5999,4028,Skechers,Women
BEACH BINGO - WOOF PACK Canvas Shoes For Women,3999,2399,Skechers,Women
GO RUN RIDE 11 Running Shoes For Women,7499,13999,Skechers,Women
Go Walk 6 - Grand Horizon Walking Shoes For Women,4299,5810,Skechers,Women
GRACEFUL-GET CONNECTED Walking Shoes For Women,6499,4289,Skechers,Women
GO WALK 5-TRUE Walking Shoes For Women,7499,3692,Skechers,Women
ARCH FIT - NEW BEAUT Slip On Sneakers For Women,8999,5810,Skechers,Women
MAX CUSHIONING ELITE-GALAXY B Running Shoes For Women,7999,6042,Skechers,Women
GO WALK ARCH FIT - CLANCY Walking Shoes For Women,4499,6197,Skechers,Women
GO WALK JOY Walking Shoes For Women,6999,3486,Skechers,Women
D'LUX WALKER-LET IT GLOW Slip On Sneakers For Women,7999,4699,Skechers,Women
ARCH FIT GLIDE-STEP-TOP GLORY Slip On Sneakers For Wome...,5999,5371,Skechers,Women
GO RUN ELEVATE Running Shoes For Women,4999,4648,Skechers,Women
SUMMITS-DAILY FLOURISH Walking Shoes For Women,5499,3357,Skechers,Women
GO RUN PERSISTENCE Running Shoes For Women,7999,9999,Skechers,Women
BE-COOL - WONDERSTRUCK Sneakers For Women,7999,4260,Skechers,Women
GO WALK 5-STARLIT Walking Shoes For Women,6999,6999,Skechers,Women
SKECH-AIR EXTREME 2.0-CLASSIC Sneakers For Women,6499,6197,Skechers,Women
D'LITES 4.0 Sneakers For Women,3699,4799,Skechers,Women
ARCH FIT-KEEP IT UP Slip On Sneakers For Women,7999,4199,Skechers,Women
MODERN JOGGER - ZIGGY Sneakers For Women,6499,3819,Skechers,Women
SUMMITS Sports Running Shoes For Women,6499,3689,Skechers,Women
ARCH FIT INFINITY Sneakers For Women,5499,5371,Skechers,Women
GO WALK JOY - ABBIE Walking Shoes For Women,4999,6499,Skechers,Women
GO WALK 6 Walking Shoes For Women,5499,3692,Skechers,Women
Slip On Sneakers For Women,9999,3899,Skechers,Women
BOBS SQUAD CHAOS - COSMIC FEEL Walking Shoes For Women,7999,3692,Skechers,Women
Flex Appeal 3.0-Steady Move Running Shoes For Women,6999,3357,Skechers,Women
D'LUX WALKER-WRAP PARTY Casuals For Women,6499,6999,Skechers,Women
VIRTUE Casuals For Women,5999,3849,Skechers,Women
MAX CUSHIONING ELITE Running Shoes For Women,6999,6999,Skechers,Women
GO WALK SMART - BEDAZZLE Walking Shoes For Women,5371,5371,Skechers,Women
GO RUN CONSISTENT-BRIGHT LOGICS Running Shoes For Women,5422,5422,Skechers,Women
BOBS PULSE AIR - NIGHT MYSTIC For Women,4364,4364,Skechers,Women
GO WALK 6 Walking Shoes For Women,7999,7999,Skechers,Women
GO WALK JOY - ADMIRABLE Walking Shoes For Women,3408,3408,Skechers,Women
GO WALK TRAVEL - FUN JOURNEY Walking Shoes For Women,8499,6499,Skechers,Women
GO RUN 7.0 - ESCAPE Running Shoes For Women,3999,7999,Skechers,Women
"D'LUX FITNESS-PURE GLAM Casual Sneakers for Womens,Whit...",9999,5707,Skechers,Women
SUMMITS Walking Shoes For Women,6499,3989,Skechers,Women
MAX CUSHIONING HYPER BURST Running Shoes For Women,7999,7230,Skechers,Women
ULTRA FLEX 2.0-PRETTY DAZZLIN Casuals For Women,5999,4364,Skechers,Women
GO RUN ELEVATE - HOT STREAK Walking Shoes For Women,6999,5499,Skechers,Women
Ultra Flex - Salutations Walking Shoes For Women,5499,5962,Skechers,Women
D'LUX WALKER-WRAP PARTY Casuals For Women,4999,4899,Skechers,Women
Sneakers For Women,9999,3357,Skechers,Women
VIRTUE-KIND FAVOR Casuals For Women,3299,3692,Skechers,Women
GO WALK JOY - LIGHT Walking Shoes For Women,7499,3873,Skechers,Women
GO WALK TRAVEL - FUN JOURNEY Walking Shoes For Women,5799,6499,Skechers,Women
MAX CUSHIONING ELITE Running Shoes For Women,8499,7230,Skechers,Women
GRACEFUL-GET CONNECTED Walking Shoes For Women,6999,3289,Skechers,Women
UNO 2 - PASTEL PLAYE Party Wear For Women,5499,5810,Skechers,Women
GO WALK 5 Walking Shoes For Women,5999,6499,Skechers,Women
SKECH-LITE PRO-HIGH JOURNEY Sneakers For Women,8999,4493,Skechers,Women
GO WALK ARCH FIT - OUR EARTH Walking Shoes For Women,4299,5707,Skechers,Women
GO WALK TRAVEL - VARALI Walking Shoes For Women,5999,6499,Skechers,Women
D'LUX WALKER Slip On Sneakers For Women,5999,6145,Skechers,Women
GO WALK FLEX - OCEAN WIND Slip On Sneakers For Women,6999,4260,Skechers,Women
FLEX COMFORT Running Shoes For Women,6999,4199,Skechers,Women
Go Walk Arch Fit - Crystal Waves Sneakers For Women,6499,6299,Skechers,Women
GOLDIE-PLANE JANE Sneakers For Women,5499,3109,Skechers,Women
CLEO PREP - PREP STEP Casuals For Women,8999,3599,Skechers,Women
Flex Appeal 4.0-Victory Lap Running Shoes For Women,7499,3599,Skechers,Women
GO WALK EVOLUTION ULTRA-FABLE Walking Shoes For Women,6999,6989,Skechers,Women
GO WALK 5-STARLIT Walking Shoes For Women,4999,5422,Skechers,Women
GO RUN ELEVATE Running Shoes For Women,5499,5035,Skechers,Women
SKECH-AIR DYNAMIGHT-PERFECT STEPS Sneakers For Women,4260,4260,Skechers,Women
Casuals For Women,5399,5399,Skechers,Women
GO WALK TRAVEL - FUN JOURNEY Walking Shoes For Women,6499,6499,Skechers,Women
Skech-Air Extreme 2.0-Timeles Running Shoes For Women,4499,4499,Skechers,Women
GO WALK TRAVEL - VARALI Walking Shoes For Women,6499,6499,Skechers,Women
UNO - EVERYWEAR Casuals For Women,4199,4199,Skechers,Women
Walking Shoes For Women,4399,4399,Skechers,Women
VIRTUE-KIND FAVOR Slip On Sneakers For Women,3692,3692,Skechers,Women
GO RUN FAST-RAPID ADVANCE Walking Shoes For Women,5999,4028,Skechers,Women
GO WALK MASSAGE FIT Walking Shoes For Women,10999,7699,Skechers,Women
DYNAMIGHT 2.0-SOFT E Sneakers For Women,5999,4648,Skechers,Women
D'LITES-VARSITY SPIR Sneakers For Women,7999,4519,Skechers,Women
Walking Shoes For Women,4299,5999,Skechers,Women
SUMMITS Walking Shoes For Women,3499,4049,Skechers,Women
GO WALK ARCH FIT 2.0 - VIVID Walking Shoes For Women,6999,7999,Skechers,Women
Sports Running Shoes For Women,6999,3489,Skechers,Women
D'LUX WALKER-FRESH F Slip On Sneakers For Women,8999,4899,Skechers,Women
Running Shoes For Women,4299,4199,Skechers,Women
Max Cushioning Arch Fit - Myrona Running Shoes For Wome...,4999,6972,Skechers,Women
BOUNTIFUL - QUICK PATH For Women,7499,3109,Skechers,Women
GO RUN RIDE 11 Running Shoes For Women,7999,13999,Skechers,Women
BOUNTIFUL-BE KIND Running Shoes For Women,6499,4989,Skechers,Women
GO WALK TRAVEL - VARALI Walking Shoes For Women,6999,6499,Skechers,Women
Skechers GO RUN SUPERSONIC MAX Running Shoes for Womens...,8999,7999,Skechers,Women
Max Cushioning Elite - Destination Point Sneakers For W...,7999,5810,Skechers,Women
GO RUN PULSE-DRIVEN ENDURANCE Running Shoes For Women,5499,6197,Skechers,Women
SQUAD AIR - SWEET EN Running Shoes For Women,7999,4364,Skechers,Women
Skechers MAX CUSHIONING LITE-SWEETWAYS Walking Shoes fo...,5999,6145,Skechers,Women
Arch Fit - All Tied Casuals For Women,4299,6042,Skechers,Women
GO RUN CONSISTENT 2.0 - ENGAGED Running Shoes For Women,4999,6999,Skechers,Women
D'LITES-VARSITY SPIR Running Shoes For Women,4299,6197,Skechers,Women
VIRTUE Slip On Sneakers For Women,6999,3692,Skechers,Women
GO WALK ARCH FIT - CLANCY Walking Shoes For Women,12999,6197,Skechers,Women
ULTRA FLEX - HARMONIOUS Sneakers For Women,8499,4648,Skechers,Women
DYNAMIGHT 2.0- IN A FLASH Running Shoes For Women,6499,4289,Skechers,Women
Skechers Slip-ins Max Cushioning Arch Fit - Fluidity Ru...,4299,9999,Skechers,Women
BOBS BEYOND - LEGEND Canvas Shoes For Women,6499,2999,Skechers,Women
SUMMITS Walking Shoes For Women,3999,4289,Skechers,Women
GO WALK ARCH FIT - PEACHY Walking Shoes For Women,5499,4699,Skechers,Women
GO RUN RAZOR 4 Running Shoes For Women,8057,8057,Skechers,Women
GO WALK 6 - VIBRANT SMILE Walking Shoes For Women,8499,8499,Skechers,Women
MIRA-RETRO ROW Sneakers For Women,5707,5707,Skechers,Women
GO WALK 5-TRUE Walking Shoes For Women,3692,3692,Skechers,Women
SUMMITS Walking Shoes For Women,4049,4049,Skechers,Women
Ultra Flex 3.0 - Looks to Thrill Slip On Sneakers For W...,5035,5035,Skechers,Women
BOBS PLUSH - ROVE ROVER Canvas Shoes For Women,2892,2892,Skechers,Women
VIRTUE Casuals For Women,4260,4260,Skechers,Women
ESLA - EVERY MOVE Casuals For Women,5999,3599,Skechers,Women
SUMMITS-GOOD TASTE Slip On Sneakers For Women,5499,4260,Skechers,Women
FLEX COMFORT Casuals For Women,5999,3599,Skechers,Women
Go Run Elevate - Prizm Running Shoes For Women,6499,5035,Skechers,Women
"Skechers GO RUN SUPERSONIC MAX Running Shoe for Womens,...",4499,7499,Skechers,Women
Skechers BOBS UNITY - SLEEK LINES Casual Sneakers for W...,6499,5499,Skechers,Women
GO RUN ELEVATE - DOUBLE TIME Running Shoes For Women,4299,5999,Skechers,Women
GO RUN 400 - ACTION Running Shoes For Women,7999,3486,Skechers,Women
ARCH FIT-COMFY WAVE Sneakers For Women,8499,4549,Skechers,Women
SKECH-AIR DYNAMIGHT Sports Walking Shoes For Women,4999,4289,Skechers,Women
Go Walk Arch Fit - Clancy Walking Shoes For Women,5499,5371,Skechers,Women
GO WALK 6 - VIBRANT SMILE Walking Shoes For Women,5499,6585,Skechers,Women
GO WALK JOY-IMMENSE Walking Shoes For Women,5999,4989,Skechers,Women
SUMMER SKIPPER-OPTIC Casuals For Women,6999,3849,Skechers,Women
Skech-Air Dynamight - Perfect Steps Casuals For Women,6999,4260,Skechers,Women
GO WALK 6 - FABULOUS VIEW Walking Shoes For Women,5499,7999,Skechers,Women
Ultra Flex Rapid Attention Running Shoes For Women,7999,4028,Skechers,Women
A-LINE - POINTE Walking Shoes For Women,6499,4699,Skechers,Women
D'LUX WALKER-FRESH FINESSE Sneakers For Women,5999,5422,Skechers,Women
VIRTUE-KIND FAVOR Casuals For Women,6999,3692,Skechers,Women
THE STELLAR - JODI Sneakers For Women,5499,3199,Skechers,Women
HILLCREST - VAST ADVENTURE Casuals For Women,7499,5035,Skechers,Women
ULTRA FLEX - STATEME Walking Shoes For Women,6999,5989,Skechers,Women
PURE Casuals For Women,6499,5422,Skechers,Women
149536-LTMV Casuals For Women,9999,4828,Skechers,Women
Skechers UNO 2 - PASTEL PLAYERS Casual Party Wear for W...,8499,5810,Skechers,Women
A-LINE - MILA Slip On Sneakers For Women,4999,4699,Skechers,Women
GO RUN SWIRL TECH SPEED Walking Shoes For Women,4299,7230,Skechers,Women
D'Lux Fitness - New Moxie Running Shoes For Women,10999,5707,Skechers,Women
Skech-Air Dynamight - Perfect Steps Sneakers For Women,6499,4260,Skechers,Women
BOUNTIFUL-BE KIND Running Shoes For Women,9999,4989,Skechers,Women
UNO 2 - GOLDEN TRIM Running Shoes For Women,7999,7999,Skechers,Women
GRACEFUL-GET CONNECTED Walking Shoes For Women,4289,4289,Skechers,Women
GO RUN RIDE 9 Running Shoes For Women,7385,7385,Skechers,Women
Ultra Flex - Delightful Joy Sneakers For Women,5035,5035,Skechers,Women
MAX CUSHIONING ELITE Running Shoes For Women,7230,7230,Skechers,Women
ULTRA FLEX - SILVER SURFING Sneakers For Women,3599,3599,Skechers,Women
ULTRA FLEX 3.0-SOFT CLASSICS Walking Shoes For Women,5999,5989,Skechers,Women
GO WALK JOY-DARING Sneakers For Women,5999,4028,Skechers,Women
GO RUN 400 - ACTION Running Shoes For Women,4499,3486,Skechers,Women
VIRTUE-KIND FAVOR Casuals For Women,5499,3692,Skechers,Women
DYNAMIGHT 2.0-POWER PLUNGE Sports Walking Shoes For Wom...,5499,5489,Skechers,Women
HILLCREST - VAST ADVENTURE Outdoors For Women,6499,4549,Skechers,Women
GO WALK 6 - FABULOUS VIEW Walking Shoes For Women,4299,7999,Skechers,Women
Walking Shoes For Women,9999,3799,Skechers,Women
GO RUN SWIRL TECH SPEED Running Shoes For Women,9999,6714,Skechers,Women
GO RUN SWIRL TECH SPEED Walking Shoes For Women,6499,7230,Skechers,Women
GO WALK SMART 2 - CA Sneakers For Women,4499,5035,Skechers,Women
BEACH BINGO - KITTY CONCERT Casuals For Women,7999,3253,Skechers,Women
UNO - SHIMMER AWAY Party Wear For Women,8999,7024,Skechers,Women
BOBS GEO - HOW MARVELOUS Casuals For Women,8999,5999,Skechers,Women
ZIGGY - JOLA Sneakers For Women,8499,6042,Skechers,Women
Walking Shoes For Women,4999,12999,Skechers,Women
MAX CUSHIONING ARCH Walking Shoes For Women,3499,6972,Skechers,Women
GO WALK ARCH FIT Walking Shoes For Women,5999,6585,Skechers,Women
GO RUN FAST-VALOR Sneakers For Women,10999,4989,Skechers,Women
BEACH BINGO-SABER TOOTH Sneakers For Women,5999,2099,Skechers,Women
FLEX APPEAL 3.0 - INSIDERS Walking Shoes For Women,5999,5989,Skechers,Women
ARCH FIT 2 Casuals For Women,7999,6999,Skechers,Women
GO RUN RIDE 9 Running Shoes For Women,9999,7385,Skechers,Women
Skechers D'LUX FITNESS-PURE GLAM Casual Sneakers for Wo...,5999,7499,Skechers,Women
Skechers SLIP-INS: GO WALK 7 - SPRINGTIME Walking Shoes...,5499,7999,Skechers,Women
BOBS UNITY Casuals For Women,5499,5499,Skechers,Women
VIPER - Running Shoes For Women,4999,4028,Skechers,Women
GO RUN RIDE 11 Running Shoes For Women,5999,13999,Skechers,Women
GO RUN MOJO 2.0-ESCAPE Running Shoes For Women,5499,4028,Skechers,Women
UNO TRAIL Party Wear For Women,7999,5371,Skechers,Women
GO RUN PERSISTENCE Running Shoes For Women,7230,7230,Skechers,Women
"Skechers CORDOVA CLASSIC Casual Sneakers for Womens, Wh...",5999,5999,Skechers,Women
GO WALK FLEX - VASAN Walking Shoes For Women,4199,4199,Skechers,Women
Sneakers For Women,4828,4828,Skechers,Women
DYNAMIGHT 2.0-SOFT EXPRESSION Sports Walking Shoes For ...,5489,5489,Skechers,Women
ULTRA FLEX 2.0-SPARK Walking Shoes For Women,4989,4989,Skechers,Women
ULTRA FLEX - RAPID ATTENTION Casuals For Women,4028,4028,Skechers,Women
DYNAMIGHT 2.0-POWER PLUNGE Sports Walking Shoes For Wom...,5489,5489,Skechers,Women
ARCH FIT-INFINITY CO Sneakers For Women,5371,5371,Skechers,Women
